iterationName	gameid	time	trialNum	intendedName	svgData	currStrokeNum	shiftKeyUsed	score	bonus_score	startStrokeTime	endStrokeTime	eventType
run1_chairsOnly	5400-9f31c996-8f85-46db-88ac-923de33f5fd6	1531803030597	1	waiting	M91,112c45.14761,25.79863 76.70917,70.70917 113,107	1	0	0	0	1531803030177	1531803030570	stroke
run1_chairsOnly	5400-9f31c996-8f85-46db-88ac-923de33f5fd6	1531803036008	2	woven	M151,147c-7.19428,0 -19.43675,2.41804 -26,0c-14.24145,-5.24685 -14.66813,-56.33187 -6,-65c9.44985,-9.44985 32.97155,-6.74939 40,4c23.61093,36.11084 2.30839,96.2344 -32,117c-16.2925,9.86125 -54.74935,15.00261 -61,-10	1	0	0	0	1531803035525	1531803035984	stroke
run1_chairsOnly	5400-9f31c996-8f85-46db-88ac-923de33f5fd6	1531803042980	3	inlay	M87,64c0,16.33333 0,32.66667 0,49c0,2.73284 2.09301,36.09301 -1,33	1	0	3	0.84	1531803042626	1531803042977	stroke
run1_chairsOnly	5400-9f31c996-8f85-46db-88ac-923de33f5fd6	1531803043584	3	inlay	M109,81c0,28.69004 1,57.33385 1,86	2	0	3	0.84	1531803043271	1531803043580	stroke
