iterationName	gameid	time	trialNum	intendedName	svgData	currStrokeNum	shiftKeyUsed	score	bonus_score	startStrokeTime	endStrokeTime	eventType
run1_chairsOnly	0162-1ad45a5a-55b1-46c1-8317-635792bc89dc	1531930794485	1	woven	M171,76c0,29.2287 4.43141,57.5361 11,86c3.87475,16.79057 12,36.35184 12,54	1	0	0	0	1531930794144	1531930794392	stroke
