iterationName	gameid	time	trialNum	intendedName	svgData	currStrokeNum	shiftKeyUsed	score	bonus_score	startStrokeTime	endStrokeTime	eventType
run1_chairsOnly	8242-73fe8f77-7aef-41cf-8187-0bcd6a07fa1d	1531799847522	1	waiting	M139,213c-9.41566,-14.12348 -37.62934,-97.3888 7,-84c3.44929,1.03479 10.38124,5.38124 13,8c37.99475,37.99475 -46,9.52513 -46,3	1	0	0	0	1531799846742	1531799847469	stroke
