iterationName	gameid	time	trialNum	intendedName	svgData	currStrokeNum	shiftKeyUsed	score	eventType
67569,8.54503 -126,-28c-7.57421,-8.83658 -23.4789,-38.48102 -11,-50c26.33314,-24.30751 77.5322,-13.83717 76,26c-1.23691,32.15967 -42.47323,47.52927 -70,46c-14.9364,-0.8298 -21.96099,-3.43327 -34,-10c-1.05539,-0.57567 -7.17764,-3.1354 -6,-5c10.95822,-17.35052 17.90118,-21.81535 38,-24c73.3384,-7.97157 81.44535,55.51607 22,73c-17.71422,5.21007 -34.02964,6 -52,6	1	0	0	stroke
