iterationName	gameid	time	trialNum	intendedName	svgData	currStrokeNum	shiftKeyUsed	score	eventType
8601,-40.94897 -36,-64c6.42084,-22.47292 35.35615,-44.66521 57,-51c5.5444,-1.62275 32.55252,-10.44748 41,-2c11.69655,11.69655 0.27177,37.02219 -6,47c-19.12273,30.42253 -74.62396,81.50083 -114,50c-16.57139,-13.25711 11.73158,-20.36963 22,-18c17.68564,4.0813 67.90156,49.1446 37,66c-39.9518,21.79189 -79.89791,-32.10209 -38,-74c8.77083,-8.77083 39,-23.82634 39,-1	1	0	0	stroke
