iterationName	gameid	time	trialNum	intendedName	svgData	currStrokeNum	shiftKeyUsed	score	eventType
testing	2092-d7f5636b-c7dc-4dd9-998e-1252451ed477	1530585549705	1	knob	M111,64c-1.94365,0 -3.62563,-1.62563 -5,-3c-1.92033,-1.92033 -1.21922,-3.33423 1,-4c10.58941,-3.17682 66.62483,-12.87449 58,13c-0.63914,1.91743 -6.12834,1 -7,1c-16.10471,0 -43.70428,-13.70428 -55,-25	1	0	0	stroke
