iterationName	gameid	time	trialNum	intendedName	svgData	currStrokeNum	shiftKeyUsed	score	eventType
testing	9384-10e54d0d-1a80-4d73-95f0-fb3314e11e61	1530567869358	1	doberman	M132,59c0,-30.30281 60.50303,-19.23638 67,10c2.71541,12.21934 -36.11469,19.65593 -39,11c-1.64936,-4.94807 31.34734,-7 34,-7c5,0 10,0 15,0c1.33333,0 2,-0.56667 2,1	1	0	0	stroke
