iterationName	gameid	time	trialNum	intendedName	svgData	currStrokeNum	shiftKeyUsed	score	eventType
69584,-85 -28,-85c44.30055,0 33.18914,98.96522 7,84c-15.4255,-8.81457 -17.44156,-37.4218 -1,-46c30.8254,-16.08282 73.10419,-6.79161 89,25c17.4959,34.9918 -62.3475,96.6525 -101,58	1	0	0	stroke
