iterationName	gameid	time	trialNum	intendedName	svgData	currStrokeNum	shiftKeyUsed	score	eventType
testing	0922-7a2ea739-c229-4190-888f-ca05f0917fc7	1530548482139	1	waiting	M215,33c-37.33333,0 -74.66667,0 -112,0	1	0	0	stroke
testing	0922-7a2ea739-c229-4190-888f-ca05f0917fc7	1530548493088	2	sling	M208,72c-25.18451,0 -49.78281,-4 -75,-4	1	0	0	stroke
