iterationName	gameid	time	trialNum	intendedName	svgData	currStrokeNum	shiftKeyUsed	score	eventType
testing	2347-46df4f97-07d0-4d45-a3d8-25a5be759d60	1530639472055	1	redantique	M158,150c-16.59861,0 -45.78534,-124.2034 8,-100c12.51218,5.63048 26.19114,39.20134 18,52c-16.17082,25.2669 -56.72969,26.3398 -77,8c-3.53076,-3.1945 -13,-11.83564 -13,-18	1	0	0	stroke
testing	2347-46df4f97-07d0-4d45-a3d8-25a5be759d60	1530639481551	2	redsport	M159,140c-14.41194,0 -69.56681,-12.92827 -56,-42c23.15667,-49.62144 121.69122,3 24,3	1	0	1	stroke
