iterationName	gameid	time	trialNum	intendedName	svgData	currStrokeNum	shiftKeyUsed	score	eventType
testing	3529-a20fa172-7ee5-4585-b31e-f0e23eac8dcc	1530585222473	1	inlay	M115,65c0,-8.21916 -2.09026,-11 7,-11c6.68431,0 19.92521,-2.64487 26,1c7.842,4.7052 3.58605,16.58605 -4,9	1	0	0	stroke
