iterationName	gameid	time	trialNum	intendedName	svgData	currStrokeNum	shiftKeyUsed	score	eventType
004 -26.16249,-31.32999 -42,-44	1	0	1	stroke
testing	6555-cee44fd6-a520-4b8c-ad37-724ba4c4ad11	1530814766096	2	leather	M130,224c-1.51763,-3.79407 -13.10928,-27 -17,-27	2	0	1	stroke
testing	6555-cee44fd6-a520-4b8c-ad37-724ba4c4ad11	1530814769243	2	leather	M204,220c-10.34484,0 -19.89817,-6 -30,-6	3	0	1	stroke
