iterationName	gameid	time	trialNum	intendedName	svgData	currStrokeNum	shiftKeyUsed	score	eventType
testing	2462-93f4c25d-897f-411f-860b-b9a797b7c93f	1530652800537	1	white	M131,201c-25.59843,0 -93.81519,-79.5944 -52,-95c37.99328,-13.99752 69.19972,14.26047 47,52c-12.0153,20.42601 -72.78507,9.20267 -42,-7c5.36035,-2.82124 18.39072,-6.19867 24,-7c5.88777,-0.84111 12.9633,-1 19,-1	1	0	0	stroke
