iterationName	gameid	time	trialNum	intendedName	svgData	currStrokeNum	shiftKeyUsed	score	eventType
testing	5082-68e5fb31-6538-4859-9ec0-2339487bc0a3	1530490324436	2	robin	M70,99c0,-34.93808 51.19586,-38.41431 75,-28c46.06496,20.15342 50.03412,84.81689 75,123c5.92375,9.05985 13.40139,20.83449 22,28c1.28037,1.06697 4,3 4,3c0,0 -5.31258,-1 -8,-1c-22.49341,0 -38.40959,-5.70479 -59,-16c-42.70468,-21.35234 -54.16992,-63.45292 -87,-93c-5.55822,-5.0024 -36,-17.34261 -36,-20	1	0	1	stroke
