iterationName	gameid	time	trialNum	intendedName	svgData	currStrokeNum	shiftKeyUsed	score	eventType
testing	5269-a5486c99-cf0a-448a-8e62-e7bc64b78c0c	1530590559017	1	sling	M191,172c-44.08499,0 -78.14701,-76.28494 -37,-84c11.53814,-2.1634 40.8086,-3.46598 50,-1c19.14663,5.1369 38.21515,49 6,49	1	0	0	stroke
testing	5269-a5486c99-cf0a-448a-8e62-e7bc64b78c0c	1530590567189	2	waiting	M157,203c-56.53941,0 -37.19219,-104.06006 27,-84c26.44891,8.26528 31.785,61.68022 -9,67c-5.27265,0.68774 -33.59992,-6.53344 -25,-18c2.90586,-3.87448 13.35881,-5.56306 17,-6c13.4416,-1.61299 35.42533,-5.29111 44,9c4.69075,7.81791 -12.55888,36.44112 -18,31	1	0	0	stroke
