iterationName	gameid	time	trialNum	intendedName	svgData	currStrokeNum	shiftKeyUsed	score	eventType
testing	0470-0a29b0c5-fe27-4495-8028-3755a539ffd4	1530813270175	1	crow	M151,111c1.32342,9.26397 16.73645,36 29,36	1	0	0	stroke
testing	0470-0a29b0c5-fe27-4495-8028-3755a539ffd4	1530813276946	2	pigeon	M216,163c-22,0 -44,0 -66,0	1	0	0	stroke
