iterationName	gameid	time	trialNum	intendedName	svgData	currStrokeNum	shiftKeyUsed	score	eventType
testing	9185-612a065c-0da1-4530-8e49-5dd0c0cd6ed1	1530592436505	1	bluesedan	M120,166c-5.70575,0 -2,-11.29425 -2,-17c0,-10.54652 -4.07325,-42.78026 0,-55c2.93605,-8.80814 32.44207,-5.76738 35,-5c15.85392,4.75618 31.82119,44.64459 30,58c-2.05107,15.0412 -7.08418,30.04684 -15,43c-7.2812,11.91468 -46.76774,18.4974 -53,19c-9.02608,0.72791 -18.96338,1.17286 -27,-3c-25.83701,-13.41537 -55.25075,-64.24776 -45,-95c5.71355,-17.14065 65,-1.03633 65,26	1	0	0	stroke
