iterationName	gameid	time	trialNum	intendedName	svgData	currStrokeNum	shiftKeyUsed	score	eventType
testing	6264-ba9413c7-91cd-4ecb-9d21-ff4009b2e110	1530812964058	1	straight	M139,70c-1.66667,0 -3.33333,0 -5,0c-14.66667,0 -29.33333,0 -44,0c-2,0 -5.36754,-1.89737 -6,0c-3.14505,9.43516 34,60.66638 34,45	1	0	0	stroke
