iterationName	gameid	time	trialNum	intendedName	svgData	currStrokeNum	shiftKeyUsed	score	eventType
testing	2544-706aad66-6f46-45df-94d6-d33c0d616ef0	1530424194517	1	tomtit	M171,111c-29.79804,0 1.8557,-85.85907 40,-35c4.90403,6.53871 9.35729,12.78644 11,21c5.05647,25.28233 -74.56599,17.55257 -87,14	1	0	0	stroke
