iterationName	gameid	time	trialNum	intendedName	svgData	currStrokeNum	shiftKeyUsed	score	eventType
testing	4194-a9fe1f1a-8422-4f50-9e71-b92b63222711	1530583787191	1	robin	M181,54c-9.66667,0 -19.33333,0 -29,0c-16.72728,0 -34.39172,1.84536 -51,0c-1.15521,-0.12836 -7.65912,-1.45451 -5,-5c12.77497,-17.03329 38.16997,21.78659 42,32c0.36062,0.96166 2.34121,6 0,6	1	0	0	stroke
