iterationName	gameid	time	trialNum	intendedName	svgData	currStrokeNum	shiftKeyUsed	score	eventType
testing	4676-08ed7c2f-a31e-4336-aa47-7a558ca96551	1530594361659	1	crow	M136,109c-35.59266,0 -12.23611,-29.44197 10,-8c6.48304,6.2515 12.08557,13.45285 17,21c4.47393,6.87068 8.81634,14.09723 11,22c4.87555,17.64483 10,35.69396 10,54c0,30.71785 -48.04921,139.10262 -96,112c-54.01937,-30.53269 -52.30491,-195.04264 -19,-245c14.69518,-22.04277 83,-37.82442 83,3	1	0	0	stroke
