iterationName	gameid	time	trialNum	intendedName	svgData	currStrokeNum	shiftKeyUsed	score	eventType
testing	1226-03041669-9e6e-43e3-bf5a-e7df10d13687	1530425115807	1	knob	M118,159c-11.63578,-5.81789 -78.86859,-80.32443 -60,-95c30.99337,-24.10596 42.30916,11.29772 51,35c5.03149,13.72225 9,27 9,27c0,0 -4.58577,-11.78661 -5,-18c-0.84257,-12.63861 -2.18348,-25.52295 0,-38c1.8184,-10.39087 19.27126,-55.88374 40,-47c30.01147,12.86206 12.26909,99.29007 -8,118c-3.31476,3.05978 -35,28.43504 -35,11	1	0	0	stroke
