iterationName	gameid	time	trialNum	intendedName	svgData	currStrokeNum	shiftKeyUsed	score	eventType
testing	4664-d41dc033-51e4-4b4f-b58b-070270632228	1530423877049	1	sparrow	M73,132c0,-9.71572 10.21058,7.89471 6,10c-5.55808,2.77904 -10.83527,-13.16473 -8,-16c6.90621,-6.90621 6.82927,16.65854 3,9c-6.31863,-12.63727 3.0913,-30 19,-30c0.70248,0 4.50413,-0.49587 5,0c6.98151,6.98151 -4.98603,39.50699 -16,34c-0.66667,-0.33333 -1,-1.25464 -1,-2	1	0	0	stroke
testing	4664-d41dc033-51e4-4b4f-b58b-070270632228	1530423878142	1	sparrow	M59,168c0,1.66667 0,3.33333 0,5c0,17.69057 6.5017,5 19,5	2	0	0	stroke
