iterationName	gameid	time	trialNum	intendedName	svgData	currStrokeNum	shiftKeyUsed	score	eventType
testing	1098-25767baf-ee2b-413f-a13a-a89111762786	1530599389436	1	bullmastiff	M108,128c0,-11.09645 -1.7832,-26.3008 0,-37c4.7486,-28.49161 7.03602,-35.78688 34,-40c43.52407,-6.80064 61.91094,79.77597 20,92c-10.55054,3.07724 -21.09796,4 -32,4	1	0	0	stroke
