iterationName	gameid	time	trialNum	intendedName	svgData	currStrokeNum	shiftKeyUsed	score	eventType
testing	5635-2db224f8-6e53-47cf-9367-8e0816bf2a48	1530814542319	1	hatchback	M216,195c-47.98897,0 -99.94267,-63 -147,-63	1	0	0	stroke
testing	5635-2db224f8-6e53-47cf-9367-8e0816bf2a48	1530814543401	1	hatchback	M139,208c0,-24.33333 0,-48.66667 0,-73	2	0	0	stroke
