iterationName	gameid	time	trialNum	intendedName	svgData	currStrokeNum	shiftKeyUsed	score	eventType
testing	7095-b5c2e81c-69c3-47e0-97bb-b1d036cbcba2	1530591008244	1	pug	M180,147c-6.85332,-20.55995 -36.18213,-47.45361 -28,-72c11.78922,-35.36766 109.75461,-13.93664 98,37c-7.40067,32.06957 -84.24084,34.94231 -86,-2c-3.08841,-64.85654 71,-48.7955 71,9	1	0	0	stroke
