iterationName	gameid	time	trialNum	intendedName	svgData	currStrokeNum	shiftKeyUsed	score	eventType
testing	4408-d385e623-ff38-41a1-88b6-ed180d7bfaf8	1530823280923	1	tomtit	M156,271c-17.87586,-16.08828 -47.59203,-55.66794 -35,-84c5.97401,-13.44151 29.25728,-12.49515 39,-6c1.78046,1.18697 9.25384,7 4,7	1	0	0	stroke
testing	4408-d385e623-ff38-41a1-88b6-ed180d7bfaf8	1530823290199	2	nightingale	M139,178c-39.9986,0 -55,-56.16182 -55,-89	1	0	0	stroke
