iterationName	gameid	time	trialNum	intendedName	svgData	currStrokeNum	shiftKeyUsed	score	eventType
testing	3479-8d5e9d77-59dd-464d-8fc3-c827a5427260	1530771766673	1	bluejay	M88,233c0,-17.56074 -6.58192,-88.91055 9,-98c29.10197,-16.97615 66.01822,47 42,47	1	0	0	stroke
testing	3479-8d5e9d77-59dd-464d-8fc3-c827a5427260	1530771778408	2	nightingale	M119,173c-7.87603,-7.87603 -7.67718,-19.3471 -8,-30c-0.45434,-14.99312 -4.74342,-30.76975 0,-45c10.8566,-32.56981 46.03131,-50.99526 79,-46c16.07851,2.43614 24.63607,18.99672 26,34c0.19525,2.14779 0.8176,8 -3,8	1	0	0	stroke
