iterationName	gameid	time	trialNum	intendedName	svgData	currStrokeNum	shiftKeyUsed	score	eventType
testing	4841-e6ced23f-2e36-434a-92e5-8c4813129ab7	1530638082482	1	robin	M121,145c0,-17 0,-34 0,-51c0,-9 -2.61007,-18.38678 0,-27c2.84424,-9.386 48.12261,-9.89875 54,0c30.82734,51.91972 15.77303,140.03653 -60,132c-46.66735,-4.94957 -103.93225,-77.18416 -72,-123c8.13983,-11.67889 34.13959,-13 47,-13c1.46596,0 5,-0.94879 5,1	1	0	0	stroke
testing	4841-e6ced23f-2e36-434a-92e5-8c4813129ab7	1530638088455	2	tomtit	M150,187c-7.83555,0 -15.86782,1.8987 -22,-5c-13.21768,-14.86989 -11.90343,-74.09657 2,-88c7.95639,-7.95639 29.5242,-10.29368 38,-11c11.63111,-0.96926 24.82747,-4.72205 35,1c38.76581,21.80577 -32.63486,105.36514 -72,66	1	0	0	stroke
