iterationName	gameid	time	trialNum	intendedName	svgData	currStrokeNum	shiftKeyUsed	score	eventType
testing	6408-6151ec63-e3a6-4cf3-88d3-3b319a8cda79	1530664808359	1	tomtit	M141,178c-6.88709,0 -9.68877,-35.28554 -10,-44c-0.88261,-24.71306 23.99255,-33.76016 47,-29c19.33891,4.00115 35.80886,27.24989 30,47c-7.34314,24.96667 -39.83606,9 -24,9	1	0	0	stroke
