iterationName	gameid	time	trialNum	intendedName	svgData	currStrokeNum	shiftKeyUsed	score	eventType
testing	4160-da92cfc9-0558-41d2-a1d3-9576c4950c19	1530594864555	1	knob	M151,165c-34.06462,0 -40,-21.70115 -40,-52c0,-6.15349 -4.37126,-38.64979 7,-38c10.40203,0.5944 22.16471,-1.52206 31,4c23.60796,14.75497 17.33599,98.26318 -20,115c-18.93432,8.4878 -50.63173,-3.79942 -44,-29c6.51719,-24.76531 50.78623,-39.82343 71,-25c5.3194,3.9009 6,12.14923 6,18c0,28.41571 -23.09338,34.78666 -49,33c-2.91435,-0.20099 -27,-2.91325 -27,-9	1	0	0	stroke
