iterationName	gameid	time	trialNum	intendedName	svgData	currStrokeNum	shiftKeyUsed	score	eventType
testing	4644-04dcf0f2-b66e-4111-a95d-738252bd38a4	1530505731736	1	sparrow	M98,128c0,-53.08748 39.20336,-42.59327 59,-3c10.32061,20.64123 -29.78213,7.21787 -36,1c-2.15611,-2.15611 1.83943,-7.60732 3,-9c17.30137,-20.76164 39.25155,-26 65,-26c3.75014,0 10,-0.80931 10,4	1	0	0	stroke
