iterationName	gameid	time	trialNum	intendedName	svgData	currStrokeNum	shiftKeyUsed	score	eventType
testing	1808-5f5e1c49-c151-44ab-8159-1f510dd43e40	1530464346998	1	goldenretriever	M25,107c18.01828,-36.03655 48.76891,9.07703 67,3c20.63201,-6.87734 30.92141,-32.58428 53,-37c14.2611,-2.85222 13.98306,5.96611 19,16c0.53333,1.06667 1.85523,1.57239 3,1c8.05649,-4.02825 29.62563,-30 34,-30c2.85888,0 -3.87784,24.03623 -5,26c-6.18013,10.81523 -25.73218,10.6069 -24,21c2.77829,16.66972 39.06906,43.79281 33,62c-2.34296,7.02889 -19.66837,-9.64994 -20,-10c-13.98602,-14.76302 -23.26862,-32.72234 -36,-48c-0.46189,-0.55427 -3.43189,-5.56811 -5,-4c-13.57935,13.57935 28.06779,46.13558 34,58c0.4714,0.94281 1.74536,2.25464 1,3c-2.29362,2.29362 -16.90284,-12.82969 -18,-14c-9.41238,-10.03987 -24.33881,-53.55373 -44,-47c-23.79595,7.93198 -17.86814,74.62271 -49,85c-2.49753,0.83251 -2.88698,-4.3219 -3,-5c-2.14144,-12.84863 10.60542,-43.78916 7,-51c-2.27058,-4.54117 -4.31021,9.21227 -6,14c-1.38881,3.93496 -11.97252,35.01374 -18,32c-6.75073,-3.37537 -3,-48.76213 -3,-58	1	0	0	stroke
