iterationName	gameid	time	trialNum	intendedName	svgData	currStrokeNum	shiftKeyUsed	score	eventType
214,-82.89556 37,-86c7.19962,-0.38917 17.66061,-1.43377 24,4c3.50535,3.00458 8.10701,21.8229 8,23c-5.59607,61.55674 -98.62819,71.60264 -107,13	1	0	0	stroke
testing	3672-33d5b251-3c51-48b3-9567-40ef8f62b409	1530637712241	2	crow	M144,139c-31.72926,0 -83.50816,-66.85445 -48,-91c62.79969,-42.70379 117.66723,69 43,69	1	0	0	stroke
