iterationName	gameid	time	trialNum	intendedName	svgData	currStrokeNum	shiftKeyUsed	score	eventType
testing	6149-20698c4a-e820-4105-88b9-a94777e32ca8	1530653557748	1	crow	M117,183c0,-14.51462 -5.81744,-89.35526 9,-95c10.44789,-3.98015 21.88109,-4.82959 33,-6c9.28205,-0.97706 20.71189,-5.83049 28,0c41.67989,33.34391 -16.86947,113.06527 -63,90c-7.26228,-3.63114 -10.799,-26.93964 -10,-32c1.67356,-10.5992 23.10055,-0.52514 21,0c-9.18379,2.29595 -22.27085,-10.27085 -28,-16c-0.67216,-0.67216 -2.11993,-2.47002 0,-3c18.46808,-4.61702 30.31296,27.50122 35,40c0.37012,0.98698 0.05409,3 -1,3	1	0	0	stroke
