iterationName	gameid	time	trialNum	intendedName	svgData	currStrokeNum	shiftKeyUsed	score	eventType
testing	6557-eaa4b2a6-55fb-489f-8129-83859a629aa6	1530654802889	1	weimaraner	M172,190c-24.17721,0 -24,-28.43556 -24,-47c0,-3.66667 -3.58528,-10.23173 0,-11c4.6094,-0.98773 9.33333,-1.33333 14,-2	1	0	0	stroke
