iterationName	gameid	time	trialNum	intendedName	svgData	currStrokeNum	shiftKeyUsed	score	eventType
33 -19.74341,-96.46905 29,-73c17.05591,8.21211 21.6227,25.35891 24,42c0.52522,3.67656 2.6705,8.52746 -3,9c-25.24733,2.10394 -59.77403,-47.17293 -44,-66c10.12649,-12.08646 70.06056,-41.81831 80,-12	1	0	0	stroke
