iterationName	gameid	time	trialNum	intendedName	svgData	currStrokeNum	shiftKeyUsed	score	eventType
51,0.41381 -23,0c-7.02142,-0.37954 -14.01649,-1.17841 -21,-2c-7.792,-0.91671 -15.5114,-2.65981 -23,-5c-2.71836,-0.84949 -5.98616,-0.98616 -8,-3c-0.2357,-0.2357 -0.2357,-0.7643 0,-1c12.12389,-12.12389 32.97955,-14.48978 48,-22	1	0	0	stroke
