iterationName	gameid	time	trialNum	intendedName	svgData	currStrokeNum	shiftKeyUsed	score	eventType
testing	1638-a174a427-fe60-484d-9129-a03972c3bf24	1530548234400	1	chihuahua	M183,43c-5,0 -10,0 -15,0c-30.4726,0 41.54715,-37.35854 51,-9c0.60331,1.80993 -34.69842,38.40211 -44,26c-10.44262,-13.92349 38.25005,-18.5001 32,-6c-5.14938,10.29875 -53,38.88091 -53,14	1	0	0	stroke
