iterationName	gameid	time	trialNum	intendedName	svgData	currStrokeNum	shiftKeyUsed	score	eventType
testing	1037-090a6135-cba5-4259-b856-d3e5aae5d24f	1530641362339	1	waiting	M115,207c-11.80903,0 -22.84426,-35.4918 -23,-36c-3.03988,-9.91961 -17.9225,-112.88864 -9,-121c9.45737,-8.59761 44.37459,-6.04778 55,-2c10.22199,3.89409 14.9985,24.43612 16,30c7.68681,42.70451 -35.99167,87.78353 -75,98c-7.19438,1.88424 -51,11.34052 -51,-10	1	0	0	stroke
