iterationName	gameid	time	trialNum	intendedName	svgData	currStrokeNum	shiftKeyUsed	score	eventType
testing	8286-56ae6d20-152b-463b-a3b2-f1ea3e09cf4b	1530630131605	1	beetle	M120,200c0,-25.83619 -12.31604,-58.36792 0,-83c9.3191,-18.6382 57.15167,-42.31666 74,-27c5.79934,5.27212 7.93355,17.8679 9,24c7.39062,42.49606 -61.68196,49.43935 -90,40	1	0	0	stroke
