iterationName	gameid	time	trialNum	intendedName	svgData	currStrokeNum	shiftKeyUsed	score	eventType
testing	3974-3e91e74f-51f7-495b-a5c1-f26c1097dbaf	1530824089077	1	bloodhound	M100,145c-10.28249,-20.56499 -2.48955,-105.77314 33,-90c11.32171,5.03187 20.45568,23.36704 24,34c2.76687,8.3006 5.79141,16.53373 8,25c21.09484,80.86354 -59,9.25813 -59,-11	1	0	0	stroke
