iterationName	gameid	time	trialNum	intendedName	svgData	currStrokeNum	shiftKeyUsed	score	eventType
testing	2798-0dca8f1e-241b-4f33-89f5-84a2bcc281ef	1530641949519	1	bluesedan	M154,185c-31.30473,0 -34.27778,-65.05553 -31,-88c0.14907,-1.0435 0.03114,-2.58477 1,-3c5.51487,-2.36352 12.01035,-0.35233 18,0c20.71716,1.21866 27.38076,2.30126 38,20c26.5816,44.30266 -89.59,78.82 -112,34	1	0	0	stroke
testing	2798-0dca8f1e-241b-4f33-89f5-84a2bcc281ef	1530641961128	2	redantique	M167,203c-69.52303,0 -91,-63.20586 -91,-123c0,-25.84757 -9.09786,-49.93231 22,-57c52.95399,-12.035 109.6532,41.56453 37,90c-14.78787,9.85858 -58.1923,12.34359 -77,9c-10.85148,-1.92915 -24.76909,-14.88454 -35,-20	1	0	0	stroke
