iterationName	gameid	time	trialNum	intendedName	svgData	currStrokeNum	shiftKeyUsed	score	eventType
testing	8863-6cee12bf-21f5-4eef-823a-2edebf1a88f9	1530593385967	1	white	M143,162c-33.32297,0 -59.35952,-15.25831 -69,-49c-1.84444,-6.45552 -10.87713,-53.7798 2,-56c9.94076,-1.71392 29.27273,-1.03762 39,5c18.25229,11.32901 41.90287,47.74283 33,70c-14.21725,35.54312 -59.01361,27.46597 -72,-5	1	0	0	stroke
testing	8863-6cee12bf-21f5-4eef-823a-2edebf1a88f9	1530593455489	2	beetle	M166,145c-12.40743,0 -24.71979,3.48035 -32,-9c-2.80107,-4.80183 -5.00291,-31.09971 4,-32c22.55134,-2.25513 51.6539,33.71207 54,56c4.66693,44.3358 -41.48868,20 -25,20	1	0	0	stroke
