iterationName	gameid	time	trialNum	intendedName	svgData	currStrokeNum	shiftKeyUsed	score	eventType
testing	6571-36093921-71f0-4627-82db-066af593648d	1530641443062	1	nightingale	M131,179c-11.33823,-11.33823 -12.34982,-29.65442 -17,-45c-4.8738,-16.08355 -19.00735,-73.12041 0,-85c8.72834,-5.45521 24.79183,-4 34,-4c5.33333,0 10.89159,-1.53252 16,0c36.06504,10.81951 49.84386,74.60099 12,91c-54.61784,23.66773 -77.75543,-14 -112,-14	1	0	0	stroke
