iterationName	gameid	time	trialNum	intendedName	svgData	currStrokeNum	shiftKeyUsed	score	bonus_score	startStrokeTime	endStrokeTime	eventType
run1_chairsOnly	5800-ec544fe3-ce28-4ad4-a798-d41ff1278407	1531935282664	1	deck_09	M165,262c-7.68599,0 -16.63647,-32.14336 -20,-48c-2.818,-13.28485 -12.45161,-101.06452 4,-106c19.95968,-5.9879 18.45555,19.90636 14,32c-7.67736,20.83855 -37.91665,53 -63,53	1	0	0	0	1531935282152	1531935282643	stroke
run1_chairsOnly	5800-ec544fe3-ce28-4ad4-a798-d41ff1278407	1531935335882	3	deck_10	M103,175c0,-10.0421 37.79078,-8.64184 46,-7c11.24308,2.24862 8.63629,32.36455 8,40c-0.43733,5.24795 -1.88571,18.33214 -9,21c-29.5758,11.09093 -5.31603,-67.78932 16,-82	1	0	0	0	1531935335318	1531935335850	stroke
