iterationName	gameid	time	trialNum	intendedName	svgData	currStrokeNum	shiftKeyUsed	score	bonus_score	startStrokeTime	endStrokeTime	eventType
run1_chairsOnly	7258-ca3409b6-a51b-450a-be43-237792fbc1a8	1531933131881	1	armchair_02	M90,105c33.55472,0 63.19013,17.76452 86,42c3.97598,4.22447 25.61397,33.17674 15,40c-27.27576,17.53442 -41.66478,-16.4727 -45,-38c-5.23692,-33.80192 -4.00884,-65.97172 6,-98	1	0	0	0	1531933131416	1531933131865	stroke
