iterationName	gameid	time	trialNum	intendedName	svgData	currStrokeNum	shiftKeyUsed	score	bonus_score	startStrokeTime	endStrokeTime	eventType
run1_chairsOnly	2276-6215e815-9e03-4054-8c9d-7ea240facf0e	1531858759597	1	leather	M145,116c0,1.33333 0,2.66667 0,4c0,18.88699 -2.67988,40.60058 1,59c0.33539,1.67697 0.14362,8 2,8	1	0	0	0	1531858759144	1531858759577	stroke
