iterationName	gameid	time	trialNum	intendedName	svgData	currStrokeNum	shiftKeyUsed	score	bonus_score	startStrokeTime	endStrokeTime	eventType
run1_chairsOnly	6238-a9b649a5-88f9-46bf-915c-75638484ec87	1531956511082	1	deck_02	M137,194c-17.29422,-25.94133 -9,-120.92636 -9,-139c0,-15.89465 -10.77895,-45.09824 7,-53c29.76756,-13.23003 71.23556,17.27773 66,50c-3.74652,23.41575 -38.67102,39.63227 -60,43c-10.2496,1.61836 -19.27914,-3 -28,-3	1	0	0	0	1531956532983	1531956533521	stroke
