iterationName	gameid	time	trialNum	intendedName	svgData	currStrokeNum	shiftKeyUsed	score	bonus_score	startStrokeTime	endStrokeTime	eventType
run1_chairsOnly	5138-6445280e-db25-47f3-9d78-35fea8de7bdd	1531803950757	1	knob	M66,121c21.93418,0 50.87504,22.76789 68,35c8.71819,6.22728 16.63554,12.63554 24,20c2.10819,2.10819 6.89241,7.2769 4,8c-17.24503,4.31126 -38.15127,-0.33974 -54,-6c-88.14299,-31.47964 -26.83938,-109 46,-109	1	0	0	0	1531803950017	1531803950705	stroke
