iterationName	gameid	time	trialNum	intendedName	svgData	currStrokeNum	shiftKeyUsed	score	bonus_score	startStrokeTime	endStrokeTime	eventType
run1_chairsOnly	2252-9f581aa8-24f0-4587-af76-b911c467f52c	1531804545514	1	waiting	M93,114c10.97157,0 68.80028,48.51536 80,57c7.76,5.87879 15.52107,11.76756 23,18c3.4451,2.87092 9.82274,7.64548 12,12c0.14907,0.29814 0.29814,0.85093 0,1c-16.60257,8.30129 -67.53557,-12.90633 -71,-33c-4.61448,-26.76398 37.06529,-48 60,-48	1	0	0	0	1531804544720	1531804545491	stroke
