iterationName	gameid	time	trialNum	intendedName	svgData	currStrokeNum	shiftKeyUsed	score	bonus_score	startStrokeTime	endStrokeTime	eventType
run1_chairsOnly	0850-e0236b8b-31e9-4246-9c37-a46d9de39572	1531876459727	1	knob	M135,250c-25.02024,-6.25506 -39.19381,-92.53746 -19,-106c10.44893,-6.96595 77.1964,17.8036 61,34	1	0	0	0	1531876459178	1531876459691	stroke
