iterationName	gameid	time	trialNum	intendedName	svgData	currStrokeNum	shiftKeyUsed	score	bonus_score	startStrokeTime	endStrokeTime	eventType
run1_chairsOnly	7768-7b48a8dc-90cc-491f-b71d-1ff58b238298	1531850489486	1	straight	M79,135c25.33339,0 52.26788,18.67372 71,34c16.06767,13.14628 29.49027,28.49027 44,43c0.84984,0.84984 1.79815,2 3,2	1	0	0	0	1531850489153	1531850489465	stroke
