iterationName	gameid	time	trialNum	intendedName	svgData	currStrokeNum	shiftKeyUsed	score	bonus_score	startStrokeTime	endStrokeTime	eventType
run1_chairsOnly	6417-9414a73b-2cd3-444d-b2dc-552c062a9725	1531876554901	1	woven	M155,216c-53.79223,0 -102.14019,-111.3727 -32,-122c40.50366,-6.13692 64.53483,8.07777 85,41c7.1227,11.45826 23.35909,48.21364 3,55	1	0	0	0	1531876554395	1531876554883	stroke
