iterationName	gameid	time	trialNum	intendedName	svgData	currStrokeNum	shiftKeyUsed	score	bonus_score	startStrokeTime	endStrokeTime	eventType
run1_chairsOnly	9242-318c1f50-b662-4c8f-b244-f2f4ab25325f	1531933760134	1	waiting_04	M60,155c47.60303,0 82.5273,77.49752 44,81c-58.49766,5.31797 -22.97671,-90.01164 9,-106	1	0	0	0	1531933759631	1531933760113	stroke
