iterationName	gameid	time	trialNum	intendedName	svgData	currStrokeNum	shiftKeyUsed	score	bonus_score	startStrokeTime	endStrokeTime	eventType
run1_chairsOnly	9107-11286830-9427-4d31-b9ce-6981612241a1	1531935029571	1	dining_05	M105,83c12.88254,6.44127 44.92176,72.44743 18,70c-2.01926,-0.18357 -4.78345,0.62207 -6,-1c-19.23718,-25.64957 -4.11211,-81.97716 5,-106c4.084,-10.76691 15.85981,-20.07476 23,-29	1	0	0	0	1531935029137	1531935029538	stroke
