iterationName	gameid	time	trialNum	intendedName	svgData	currStrokeNum	shiftKeyUsed	score	bonus_score	startStrokeTime	endStrokeTime	eventType
run1_chairsOnly	1583-3d90689e-7d62-4a18-8f54-4a0a014e8759	1531845454935	1	inlay	M85,119c22.09057,0 50.68996,-5.55153 70,7c32.63666,21.21383 20.81834,82.01817 -19,86c-37.70448,3.77045 -38.56849,-106 19,-106	1	0	0	0	1531845454201	1531845454900	stroke
