iterationName	gameid	time	trialNum	intendedName	svgData	currStrokeNum	shiftKeyUsed	score	bonus_score	startStrokeTime	endStrokeTime	eventType
run1_chairsOnly	8733-6ef186d1-a444-4ed0-a2f1-e584ebcd75da	1531883151685	1	leather	M94,205c0,-16.66667 0,-33.33333 0,-50c0,-5.08753 -15.28685,-115.46215 32,-90c27.1125,14.59904 21.92375,75.64345 -22,81c-16.0447,1.95667 -26.98094,1.67938 -40,-7	1	0	0	0	1531883151255	1531883151648	stroke
