iterationName	gameid	time	trialNum	intendedName	svgData	currStrokeNum	shiftKeyUsed	score	bonus_score	startStrokeTime	endStrokeTime	eventType
run1_chairsOnly	8052-bb26c3b5-4bbf-47b9-97eb-23f03034552c	1531848600181	1	inlay	M85,80c0,5.696 3.60698,10.83107 6,16c3.83663,8.28711 39.47837,99.47837 47,107	1	0	0	0	1531848599761	1531848600148	stroke
