iterationName	gameid	time	trialNum	intendedName	svgData	currStrokeNum	shiftKeyUsed	score	bonus_score	startStrokeTime	endStrokeTime	eventType
run1_chairsOnly	4192-d23462c3-bad9-402c-9c45-08a5a0656587	1531846133232	1	leather	M102,81c34.94215,0 70.60247,37.31422 91,63c11.51466,14.49995 16.9405,31.91075 27,47c0.62404,0.93607 2.15098,2 0,2	1	0	0	0	1531846132781	1531846133215	stroke
