iterationName	gameid	time	trialNum	intendedName	svgData	currStrokeNum	shiftKeyUsed	score	bonus_score	startStrokeTime	endStrokeTime	eventType
run1_chairsOnly	8102-41c3058c-d9b8-4ff4-b5b8-d6c6626fd005	1531933962199	1	armchair_06	M104,40c25.70905,0 43,90.72333 43,112c0,5.10116 3.74896,28.67902 -4,32c-10.65817,4.56779 -10.21679,-19.28688 -11,-42c-1.00444,-29.1287 -1.32306,-57.46157 14,-83	1	0	0	0	1531933961789	1531933962189	stroke
