iterationName	gameid	time	trialNum	intendedName	svgData	currStrokeNum	shiftKeyUsed	score	bonus_score	startStrokeTime	endStrokeTime	eventType
run1_chairsOnly	2973-a83196b1-da39-43e3-8e18-6f58d8eb339d	1531932509640	1	deck_07	M91,98c34.43426,0 64.72299,45.65717 70,76c1.02502,5.89385 -0.19207,37.53871 -17,20c-29.6323,-30.92066 -31.1786,-104.96914 -34,-142c-0.19367,-2.54194 -5.61198,-63 16,-63	1	0	0	0	1531932509139	1531932509629	stroke
