iterationName	gameid	time	trialNum	intendedName	svgData	currStrokeNum	shiftKeyUsed	score	bonus_score	startStrokeTime	endStrokeTime	eventType
run1_chairsOnly	9048-4e04de88-89c9-4c72-a12c-a5da120d4e67	1531850626980	1	waiting	M76,98c24.59219,12.29609 43.01626,40.19177 63,59c15.3349,14.43285 33.16524,27.16524 48,42	1	0	0	0	1531850626610	1531850626946	stroke
