iterationName	gameid	time	trialNum	intendedName	svgData	currStrokeNum	shiftKeyUsed	score	bonus_score	startStrokeTime	endStrokeTime	eventType
run1_chairsOnly	6700-28f15765-8950-41d3-b354-b39bd34c4174	1531935716135	1	dining_01	M124,128c6,0 12.0367,-0.66259 18,0c40.27867,4.47541 -13.34011,66.05455 -23,25c-7.93517,-33.72446 41.034,-109 82,-109	1	0	0	0	1531935715660	1531935716117	stroke
run1_chairsOnly	6700-28f15765-8950-41d3-b354-b39bd34c4174	1531935722818	2	dining_03	M87,110c0,-13.81303 -6.41256,-46.96861 -2,-58c3.34809,-8.37023 64.42437,-18.91834 74,-21	1	0	0	0	1531935722468	1531935722811	stroke
run1_chairsOnly	6700-28f15765-8950-41d3-b354-b39bd34c4174	1531935724046	2	dining_03	M140,23c11,0 22,0 33,0c14.32337,0 41.48428,-5.40629 55,0c9.52107,3.80843 -3.2238,17.38666 -28,30c-41.13283,20.94035 -82.35752,30 -128,30	2	0	0	0	1531935723578	1531935724020	stroke
run1_chairsOnly	6700-28f15765-8950-41d3-b354-b39bd34c4174	1531935734343	3	dining_10	M72,111c0,-1.49743 -1.35083,-67.64917 0,-69c5.93521,-5.93521 99.1596,-14.57329 112,-16c10.14094,-1.12677 86.18116,-10.93297 93,1c13.51663,23.6541 -16.86294,55.91991 -36,64c-50.00287,21.11232 -123.56365,22 -179,22	1	0	0	0	1531935733360	1531935734320	stroke
run1_chairsOnly	6700-28f15765-8950-41d3-b354-b39bd34c4174	1531935742860	4	dining_07	M50,92c0,-0.63627 -1.20795,-19.39602 0,-20c10.5872,-5.2936 23.44502,-3.43223 35,-6c43.80533,-9.73452 87.62277,-19.17273 132,-26c11.2788,-1.7352 22.63141,-3.01143 34,-4c51.59775,-4.48676 -27.66538,23.41416 -32,25c-6.92946,2.53517 -13.98265,4.71936 -21,7c-6.99599,2.2737 -32.1738,10.19306 -39,12c-27.35102,7.23998 -41.84128,6.03968 -66,0	1	0	0	0	1531935741998	1531935742849	stroke
run1_chairsOnly	6700-28f15765-8950-41d3-b354-b39bd34c4174	1531935751198	5	dining_11	M102,96c0,35.33333 0,70.66667 0,106	1	0	3	0.76	1531935750912	1531935751195	stroke
