iterationName	gameid	time	trialNum	intendedName	svgData	currStrokeNum	shiftKeyUsed	score	bonus_score	startStrokeTime	endStrokeTime	eventType
run1_chairsOnly	3760-e5b886ae-f0f1-44aa-8ef8-4651543be9c7	1531934031393	1	armchair_11	M96,72c31.98992,0 53.67612,52.70447 60,78c3.08296,12.33185 15.35972,42.08582 -4,49c-15.86438,5.66585 -16.45597,-26.95861 -17,-31c-5.28732,-39.27724 -2.62771,-57.74457 14,-91	1	0	0	0	1531934030900	1531934031382	stroke
