iterationName	gameid	time	trialNum	intendedName	svgData	currStrokeNum	shiftKeyUsed	score	bonus_score	startStrokeTime	endStrokeTime	eventType
run1_chairsOnly	7735-71fd31d0-c48f-4594-81db-af60879ff362	1531875300794	1	sling	M86,84c13.37012,17.82682 25.69978,36.41882 38,55c0.92498,1.39731 23.23723,38 23,38	1	0	0	0	1531875300430	1531875300760	stroke
