iterationName	gameid	time	trialNum	intendedName	svgData	currStrokeNum	shiftKeyUsed	score	bonus_score	startStrokeTime	endStrokeTime	eventType
run1_chairsOnly	5650-8d5ac5d6-3d7f-4513-804e-74ebdfde3ede	1531952607104	1	waiting_02	M86,151c-0.33333,-5.66667 -0.55325,-11.34115 -1,-17c-0.04862,-0.61585 -3.64656,-83.35344 -2,-85c19.98266,-19.98266 58.14841,-22.47478 84,-26c8.85992,-1.20817 64.16073,-6.7589 70,2c13.29045,19.93568 -38.8212,31.46168 -46,33c-46.34467,9.931 -92.33807,1 -138,1	1	0	0	0	1531952628828	1531952629717	stroke
