iterationName	gameid	time	trialNum	intendedName	svgData	currStrokeNum	shiftKeyUsed	score	bonus_score	startStrokeTime	endStrokeTime	eventType
run1_chairsOnly	0450-dd8ec3bf-8877-4903-961c-ef17c1f209dd	1531933029245	1	dining_04	M94,118c26.15516,0 65.40125,43.963 75,67c2.41162,5.78789 15.44885,39.85038 3,44c-14.18249,4.7275 -20.39078,-20.96542 -22,-27c-8.71737,-32.69014 -14.98167,-84.055 -4,-117c2.97419,-8.92258 9.18032,-15.54095 12,-24	1	0	0	0	1531933028685	1531933029207	stroke
