iterationName	gameid	time	trialNum	intendedName	svgData	currStrokeNum	shiftKeyUsed	score	bonus_score	startStrokeTime	endStrokeTime	eventType
run1_chairsOnly	9011-3b39477f-b5cc-437c-85ce-dcf616573fb5	1531845814489	1	waiting	M87,82c39.86038,0 70.5906,33.5743 94,62c4.2907,5.21013 7.69099,11.11731 11,17c2.70509,4.80905 4.98937,9.86173 7,15c0.32628,0.83384 5.90856,19.54572 5,20c-19.93951,9.96976 -73.21046,-18.15817 -68,-39c3.75875,-15.03502 15.02184,-33.02184 26,-44	1	0	0	0	1531845813797	1531845814446	stroke
