iterationName	gameid	time	trialNum	intendedName	svgData	currStrokeNum	shiftKeyUsed	score	bonus_score	startStrokeTime	endStrokeTime	eventType
run1_chairsOnly	3999-df260818-862f-4a24-938f-f3cb95587cd8	1531935413066	1	armchair_07	M80,94c24.35872,0 48.71915,21.84256 40,48c-1.30384,3.91152 -10.44816,0.81992 -12,-3c-19.6161,-48.28577 -18.82147,-155.58927 38,-184	1	0	0	0	1531935412623	1531935413041	stroke
