iterationName	gameid	time	trialNum	intendedName	svgData	currStrokeNum	shiftKeyUsed	score	bonus_score	startStrokeTime	endStrokeTime	eventType
run1_chairsOnly	9191-7d47ae55-fcff-4ec7-8c40-e8501e3e8289	1531932237379	1	dining_11	M107,67c38.84903,0 108.18335,112.56333 56,123c-43.07047,8.61409 -13.17016,-127 18,-127	1	0	0	0	1531932236695	1531932237354	stroke
