iterationName	gameid	time	trialNum	intendedName	svgData	currStrokeNum	shiftKeyUsed	score	bonus_score	startStrokeTime	endStrokeTime	eventType
run1_chairsOnly	1886-27a32f24-704f-4c40-84ac-1b8de9394221	1531932669638	1	armchair_05	M104,74c31.34649,0 48.21591,15.25692 66,40c2.66958,3.71419 15.18778,32.73605 5,35c-41.55678,9.23484 -49.43401,-95.522 -18,-106	1	0	0	0	1531932669169	1531932669617	stroke
