iterationName	gameid	time	trialNum	intendedName	svgData	currStrokeNum	shiftKeyUsed	score	bonus_score	startStrokeTime	endStrokeTime	eventType
run1_chairsOnly	0385-90b7cfed-0762-4081-b18d-df7869d9fb04	1531850123906	1	squat	M127,111c27.72606,3.46576 45.6921,32.6921 64,51c1.15154,1.15154 0.51851,2 2,2	1	0	0	0	1531850123457	1531850123890	stroke
