iterationName	gameid	time	trialNum	intendedName	svgData	currStrokeNum	shiftKeyUsed	score	bonus_score	startStrokeTime	endStrokeTime	eventType
run1_chairsOnly	9459-ae50b5da-3ad7-4266-a9fa-a70c03d122e6	1531848059175	1	leather	M106,118c21.21428,0 91,58.65569 91,75	1	0	0	0	1531848058702	1531848059158	stroke
run1_chairsOnly	9459-ae50b5da-3ad7-4266-a9fa-a70c03d122e6	1531848199182	5	squat	M96,135c47.71793,0 96.00121,48 123,48	1	0	0	0	1531848198774	1531848199150	stroke
