iterationName	gameid	time	trialNum	intendedName	svgData	currStrokeNum	shiftKeyUsed	score	bonus_score	startStrokeTime	endStrokeTime	eventType
run1_chairsOnly	5606-2c96f942-0047-4732-86e2-7bb74a7093f1	1531933412630	1	armchair_10	M109,65c24.41217,0 57.07046,70.67175 65,90c1.01698,2.47888 9.80134,33.06622 7,34c-11.14566,3.71522 -16.96553,-26.77595 -21,-53c-7.21984,-46.92899 -0.81765,-87.18235 33,-121	1	0	0	0	1531933412167	1531933412618	stroke
