iterationName	gameid	time	trialNum	intendedName	svgData	currStrokeNum	shiftKeyUsed	score	bonus_score	startStrokeTime	endStrokeTime	eventType
run1_chairsOnly	0606-fba7625b-6fd1-4928-860c-b9675d5a8694	1531804044017	1	woven	M108,75c23.17569,0 52.91127,14.13909 68,33c0.17259,0.21573 4.65668,6.34332 4,7c-5.64218,5.64218 -30.17551,5.21256 -37,6c-19.98365,2.30581 -40.07492,7.92508 -56,-8c-16.23722,-16.23722 29.98954,-61 51,-61	1	0	0	0	1531804043050	1531804043989	stroke
