iterationName	gameid	time	trialNum	intendedName	svgData	currStrokeNum	shiftKeyUsed	score	bonus_score	startStrokeTime	endStrokeTime	eventType
run1_chairsOnly	2609-10ad77f9-0d73-4049-ac16-ba33419e061e	1531786328882	1	squat	M97,162c0,-34.36097 -12.19762,-90.11584 34,-99c3.12295,-0.60057 24.25543,-1.8132 27,-1c55.45472,16.43103 6.4433,160.22165 -40,137c-27.94454,-13.97227 -9.11613,-62.98415 10,-75c31.74103,-19.9515 128.8252,-12.57587 116,43c-3.88532,16.83637 -19.18684,13.18684 -28,22	1	0	0	0	1531786327804	1531786328733	stroke
