iterationName	gameid	time	trialNum	intendedName	svgData	currStrokeNum	shiftKeyUsed	score	bonus_score	startStrokeTime	endStrokeTime	eventType
run1_chairsOnly	2837-60e5e10e-f254-47ff-8ec7-bbd6432357b0	1531793708148	1	squat	M102,147c8.15203,24.45608 38.25504,34.69634 59,50c67.52774,49.81554 38.33901,-67 17,-67	1	0	0	0	1531793707428	1531793708094	stroke
