iterationName	gameid	time	trialNum	intendedName	svgData	currStrokeNum	shiftKeyUsed	score	bonus_score	startStrokeTime	endStrokeTime	eventType
pilot2_bonusmeter	8900-8fdbbc3a-0c81-4449-b534-f73bb804de30	1531174165009	1	woven	M86,111c0,27.30643 9.61301,50.32818 21,75c2.75079,5.96004 16,23.80703 16,31	1	0	0	0	1531174164604	1531174164976	stroke
pilot2_bonusmeter	8900-8fdbbc3a-0c81-4449-b534-f73bb804de30	1531174167551	1	woven	M189,134c0,25 0,50 0,75	2	0	0	0	1531174167264	1531174167546	stroke
pilot2_bonusmeter	8900-8fdbbc3a-0c81-4449-b534-f73bb804de30	1531174212792	2	waiting	M91,117c0,-3 0,6 0,9c0,9.66667 0,19.33333 0,29c0,19.13813 0.63347,37.0678 3,56c2.04163,16.33301 5.93658,12 22,12	1	0	0	0	1531174211959	1531174212745	stroke
pilot2_bonusmeter	8900-8fdbbc3a-0c81-4449-b534-f73bb804de30	1531174213473	2	waiting	M175,208c0,-32.68122 -5,-65.90066 -5,-98	2	0	0	0	1531174213247	1531174213467	stroke
pilot2_bonusmeter	8900-8fdbbc3a-0c81-4449-b534-f73bb804de30	1531174214178	2	waiting	M74,72c44.23007,-11.05752 89.29113,-17 135,-17	3	0	0	0	1531174213934	1531174214172	stroke
pilot2_bonusmeter	8900-8fdbbc3a-0c81-4449-b534-f73bb804de30	1531174214668	2	waiting	M238,98c0,42.68304 12,83.64643 12,126	4	0	0	0	1531174214440	1531174214664	stroke
pilot2_bonusmeter	8900-8fdbbc3a-0c81-4449-b534-f73bb804de30	1531174221525	3	sling	M81,101c0,-3.11111 0,0.88889 0,4c0,9.68963 0.59695,19.41249 2,29c4.15102,28.36533 17,60.00375 17,88	1	0	0	0	1531174221202	1531174221517	stroke
