iterationName	gameid	time	trialNum	intendedName	svgData	currStrokeNum	shiftKeyUsed	score	eventType
testing	9846-f579d05b-2346-4a13-8d45-f176130312bf	1530849101505	1	straight	M158,208c-14.56526,0 -22.87195,-18.74391 -28,-29c-12.40787,-24.81575 -41.32261,-119.03218 -31,-150c1.32897,-3.9869 27.10077,3.60903 28,4c21.58849,9.3863 44.31345,25.50634 57,46c13.96906,22.56541 5.21342,35.60671 -20,23	1	0	0	stroke
