iterationName	gameid	time	trialNum	intendedName	svgData	currStrokeNum	shiftKeyUsed	score	bonus_score	startStrokeTime	endStrokeTime	eventType
run0_bonusmeter_debug	3047-c316d399-5c56-42af-86d8-a63554a6663a	1531344557194	1	squat	M111,177c0,-4 0,-8 0,-12c0,-11.66667 0,-23.33333 0,-35c0,-1.66667 -1.58114,-4.47295 0,-5c9.8215,-3.27383 28.44631,12.87581 27,23c-2.26694,15.86856 -66,9.40261 -66,-1	1	0	0	0	1531344556624	1531344557138	stroke
