iterationName	gameid	time	trialNum	intendedName	svgData	currStrokeNum	shiftKeyUsed	score	eventType
testing	9243-17875ed1-a570-4922-b6a6-b0bc401ae8c2	1530851723753	1	pigeon	M85,186c0,-19.60686 -24.25552,-92.37592 20,-85c8.41222,1.40204 15.64483,6.62255 22,12c2.03708,1.72369 17.94875,18.05125 14,22c-4.98666,4.98666 -45.1756,3 -53,3c-1.5098,0 -4,0.93333 -4,-1	1	0	0	stroke
