iterationName	gameid	time	trialNum	intendedName	svgData	currStrokeNum	shiftKeyUsed	score	bonus_score	startStrokeTime	endStrokeTime	eventType
pilot2_bonusmeter	6397-875d80ce-0e63-4a2d-8da7-da20189b9709	1531175277605	1	squat	M96,72c0,24.14002 4.17321,48.78891 11,72c2.38614,8.11286 10,21.97722 10,31	1	0	0	0	1531175277567		stroke
pilot2_bonusmeter	6397-875d80ce-0e63-4a2d-8da7-da20189b9709	1531175278435	1	squat	M184,70c0,39.33333 0,78.66667 0,118c0,5.61665 -3.47575,33.52425 2,39	2	0	0	0	1531175278430		stroke
pilot2_bonusmeter	6397-875d80ce-0e63-4a2d-8da7-da20189b9709	1531175279269	1	squat	M259,95c0,28 0,56 0,84	3	0	0	0	1531175279264		stroke
