iterationName	gameid	time	trialNum	intendedName	svgData	currStrokeNum	shiftKeyUsed	score	bonus_score	startStrokeTime	endStrokeTime	eventType
run1_chairsOnly	5174-1b986ff4-2922-45c9-a9d8-b08536972a55	1531782273695	1	waiting	M85,124c0,21.15048 16.57161,48.57161 31,63c0.6422,0.6422 17.41311,13.54058 18,12c4.70228,-12.34348 11.36338,-30.87381 8,-45c-2.29552,-9.6412 -5.65083,-19.09456 -10,-28c-36.60874,-74.96076 -67.94691,-3.2595 -21,24c34.82336,20.22001 65.08317,-16.58298 78,-45c0.68979,-1.51754 14.42504,-28.64374 5,-31c-12.01998,-3.00499 -18.31292,29.05302 -19,34c-4.47299,32.20551 -4.5661,88.23328 42,84c31.53731,-2.86703 31.20509,-63.68204 7,-54c-19.95814,7.98326 -41.22662,98 -5,98	1	0	0	0	1531782272055	1531782273632	stroke
