iterationName	gameid	time	trialNum	intendedName	svgData	currStrokeNum	shiftKeyUsed	score	eventType
8664 -76.1897,-76.69648 -56,-109c14.31054,-22.89686 44.12755,-38.29592 70,-43c2.30501,-0.41909 34.69954,-5.92261 33,3c-1.24273,6.52432 -1.15927,14.45265 -6,19c-7.17832,6.74327 -17.83654,8.39015 -27,12c-32.49376,12.80057 -29.83858,-44.83858 -36,-51	1	0	0	stroke
