iterationName	gameid	time	trialNum	intendedName	svgData	currStrokeNum	shiftKeyUsed	score	bonus_score	startStrokeTime	endStrokeTime	eventType
run0_bonusmeter_debug	1528-12cba00c-a0e2-4308-93e3-a5205c2da9eb	1531346013558	1	sling	M81,70c0,8.5375 10.90888,13.14658 16,20c20.32705,27.36334 33.52193,67.52193 57,91c0.33333,0.33333 0.5286,1 1,1	1	0	0	0	1531346013103	1531346013531	stroke
