iterationName	gameid	time	trialNum	intendedName	svgData	currStrokeNum	shiftKeyUsed	score	eventType
333 -11.95575,-7.95575 -17,-13c-6.87284,-6.87284 -41.17536,-77.04106 -31,-94c13.16065,-21.93442 57.54041,-21 81,-21c8.19929,0 8.87554,3 1,3	1	0	0	stroke
