iterationName	gameid	time	trialNum	intendedName	svgData	currStrokeNum	shiftKeyUsed	score	bonus_score	startStrokeTime	endStrokeTime	eventType
run1_chairsOnly	5781-c7f325de-0ac5-4ff0-b6d0-71fc7cb70c04	1531793767686	1	leather	M78,228c-9.37863,-15.63105 -8.46001,-40.26041 -9,-57c-0.6322,-19.5983 -8.17136,-94.93294 15,-104c20.4254,-7.99255 39.54799,-6.67802 52,12c6.14056,9.21084 6.35003,31 -8,31	1	0	0	0	1531793767164	1531793767675	stroke
