iterationName	gameid	time	trialNum	intendedName	svgData	currStrokeNum	shiftKeyUsed	score	bonus_score	startStrokeTime	endStrokeTime	eventType
pilot2_bonusmeter	0226-7393706a-8e59-4938-9952-4f102d854e1a	1531174069254	1	pug	M90,209c0,-21.33333 0,-42.66667 0,-64	1	0	0	0	1531174068788	1531174069219	stroke
pilot2_bonusmeter	0226-7393706a-8e59-4938-9952-4f102d854e1a	1531174070614	1	pug	M173,129c0,26.58684 0.78738,51.93689 6,78c0.62766,3.13828 -0.19554,11 4,11	2	0	0	0	1531174070249	1531174070606	stroke
