iterationName	gameid	time	trialNum	intendedName	svgData	currStrokeNum	shiftKeyUsed	score	bonus_score	startStrokeTime	endStrokeTime	eventType
574	1531176552193	stroke
pilot2_bonusmeter	2659-2fbb1a98-0e64-41aa-8641-8b237cdfd40f	1531176552942	1	weimaraner	M132,91c0,51 0,102 0,153	2	0	0	0	1531176552584	1531176552933	stroke
pilot2_bonusmeter	2659-2fbb1a98-0e64-41aa-8641-8b237cdfd40f	1531176559063	1	weimaraner	M189,85c0,33.33702 16,65.97243 16,99	3	0	0	0	1531176558438	1531176559051	stroke
pilot2_bonusmeter	2659-2fbb1a98-0e64-41aa-8641-8b237cdfd40f	1531176563719	1	weimaraner	M240,96c0,35.71694 -2,71.31308 -2,107	4	0	0	0	1531176562999	1531176563711	stroke
pilot2_bonusmeter	2659-2fbb1a98-0e64-41aa-8641-8b237cdfd40f	1531176568423	1	weimaraner	M253,153c0,10.66667 0,21.33333 0,32c0,2.55229 0,13.63141 0,13	5	0	0	0	1531176567869	1531176568419	stroke
