iterationName	gameid	time	trialNum	intendedName	svgData	currStrokeNum	shiftKeyUsed	score	bonus_score	startStrokeTime	endStrokeTime	eventType
pilot2_bonusmeter	4659-aef078cf-a7de-446f-baf8-20e3690f25e6	1531181430868	1	brown	M62,105c0,18.6422 39.83929,76.72939 69,70c24.51308,-5.65687 36.92429,-34.77287 44,-56c1.02919,-3.08757 3.17826,-24.72609 7,-26c18.65999,-6.22 37.88364,19.0472 36,36c-1.77017,15.93155 -35.83251,17.91326 -47,15c-14.56759,-3.80024 -30.6595,-20.6595 -41,-31c-1.11428,-1.11428 -18.20835,-19.79165 -15,-23c4.75178,-4.75178 23.62451,15.87352 25,20c1.38464,4.15391 -3.54868,4.88576 -6,6c-14.79626,6.72557 -41.15186,9.84814 -54,-3	1	0	0	0	1531181428744	1531181430789	stroke
