iterationName	gameid	time	trialNum	intendedName	svgData	currStrokeNum	shiftKeyUsed	score	eventType
testing	8355-025f3f1d-95a4-4359-8af3-55c16a55fafc	1530826263679	1	crow	M152,229c-12.90306,-6.45153 -19.5446,-21.31166 -28,-33c-7.39417,-10.22136 -26.92972,-53.81468 -17,-68c12.35638,-17.65198 39.15385,-21.65385 59,-20c3.65775,0.30481 8,0.00703 8,4	1	0	0	stroke
